model,overall_RMSE,overall_MAE,overall_R²,overall_Spearman ρ,pains_pos_RMSE,pains_pos_MAE,pains_pos_R²,pains_pos_Spearman ρ,pains_neg_RMSE,pains_neg_MAE,pains_neg_R²,pains_neg_Spearman ρ,delta_rmse,fp_ratio,pos_n,neg_n,train_time_s
MLP,1.044105738703873,0.7928902506828308,0.4327371120452881,0.6694242709401793,0.810231636976273,0.595212996006012,0.5016554594039917,0.7017529077908133,1.1296115242932148,0.8776100277900696,0.3693277835845947,0.6186920162651908,-0.3193798873169418,0.6782203602693877,13774,32139,1031.0601563453674
GCN,1.2186139837806553,0.9772038459777832,0.22727006673812866,0.47942680510594077,1.0220429915252485,0.8020407557487488,0.20704299211502075,0.425056258640111,1.2937486952623063,1.052274465560913,0.17273372411727905,0.41434712147262986,-0.2717057037370578,0.7621972920337371,13774,32139,3085.55987906456
GAT,1.1962832330055668,0.9545072913169861,0.25533074140548706,0.5091724541793615,0.9843530198322618,0.7643669843673706,0.26444852352142334,0.4887149021929619,1.27638423239922,1.035996675491333,0.1947914958000183,0.441213017411592,-0.2920312125669583,0.7378083299608831,13774,32139,4013.9270679950714
AttentiveFP,1.1056189013841802,0.8630656003952026,0.363927960395813,0.6036295154997259,0.8667226009169875,0.6494802832603455,0.4297417402267456,0.6310106622182448,1.1934538708623055,0.9546030163764954,0.296025812625885,0.5375251154579751,-0.326731269945318,0.6803668805929287,13774,32139,4343.209543943405
