model,overall_RMSE,overall_MAE,overall_R²,overall_Spearman ρ,pains_pos_RMSE,pains_pos_MAE,pains_pos_R²,pains_pos_Spearman ρ,pains_neg_RMSE,pains_neg_MAE,pains_neg_R²,pains_neg_Spearman ρ,delta_rmse,fp_ratio,pos_n,neg_n,train_time_s
GS-DTA,1.3586007356643677,1.0764122009277344,0.025731018247234005,0.5605202345804755,1.096558690071106,0.8410500288009644,0.2244121970780273,0.6277927984421857,1.4111086130142212,1.129616141319275,-0.06688019526267097,0.5075039793850491,-0.31454992294311523,0.7445449746966746,4663,20628,1234.2053096294403
Mamba-DTA,1.1122064590454102,0.8801530003547668,0.3470709116371421,0.584350112650109,0.9492812752723694,0.7368958592414856,0.4187579328218083,0.6477154874992244,1.1458301544189453,0.9125365614891052,0.29654666246642647,0.5330003961284986,-0.19654887914657593,0.8075247417634959,4663,20628,2525.805932998657
TranGNN-DTA,1.2621749639511108,1.028472900390625,0.15911941577276079,0.41427657739972673,1.1236531734466553,0.9156893491744995,0.18561121403925507,0.4707432998278156,1.2914307117462158,1.0539679527282715,0.10641266603312516,0.33695743766041164,-0.16777753829956055,0.8688018816095436,4663,20628,2586.3249413967133
