s,RMSE,D,FP
baseline,1.0640100240707397,-0.26838916540145874,0.7275196174680167
adv_0.3,1.0596024990081787,-0.28232288360595703,0.7084581918370487
adv_0.5,1.0567426681518555,-0.2737908959388733,0.7149450108314223
adv_1.0,1.0637167692184448,-0.2942426800727844,0.7028997266962173
dual,1.0691237449645996,-0.245278000831604,0.7540594677449033
rank_g0.05_l0.3,1.2221810817718506,-0.413053035736084,0.6434978672971247
rank_g0.05_l1.0,1.2605066299438477,-0.45944875478744507,0.6180942483989208
rank_g0.1_l0.3,1.2621736526489258,-0.3863729238510132,0.6806561285707748
rank_g0.1_l1.0,1.2567952871322632,-0.44315916299819946,0.631996525313654
