model,alpha,overall_RMSE,pains_pos_RMSE,pains_neg_RMSE,delta_rmse,fp_ratio,train_time_s
MLP-DTA,1.0,1.0640100240707397,0.8400022387504578,1.1083914041519165,-0.26838916540145874,0.7275196174680167,184.92610359191895
MLP-DTA,2.0,1.0544939041137695,0.826226532459259,1.0995466709136963,-0.27332013845443726,0.7155066017647654,143.76730227470398
MLP-DTA,3.0,1.0514668226242065,0.8214980363845825,1.0967899560928345,-0.27529191970825195,0.7091018525487727,76.8880078792572
MLP-DTA,5.0,1.047895908355713,0.8181230425834656,1.093164086341858,-0.27504104375839233,0.7036431367728894,55.34446716308594
MLP-DTA,10.0,1.0458118915557861,0.813969075679779,1.0914169549942017,-0.2774478793144226,0.6958593013208033,53.592310667037964
