model,strategy,overall_RMSE,pains_pos_RMSE,pains_neg_RMSE,delta_rmse,fp_ratio,train_time_s
MLP-DTA,inverse_w0.75,1.060473918914795,0.8438078761100769,1.1035726070404053,-0.25976473093032837,0.7376268365365375,82.52373099327087
MLP-DTA,inverse_w0.5,1.0622353553771973,0.8439506888389587,1.1056230068206787,-0.26167231798171997,0.7394773456917767,54.59286093711853
MLP-DTA,inverse_w0.25,1.069994330406189,0.8499240875244141,1.113731861114502,-0.2638077735900879,0.7445808778575497,54.465760946273804
MLP-DTA,drmse_reg0.1,1.060085654258728,0.8305879235267639,1.1053807735443115,-0.2747928500175476,0.7183666240620085,69.06967973709106
MLP-DTA,drmse_reg0.5,1.0545687675476074,0.8310695886611938,1.0988095998764038,-0.26774001121520996,0.7235232499088325,116.27589845657349
MLP-DTA,drmse_reg1.0,1.0517696142196655,0.8294948935508728,1.0957849025726318,-0.26629000902175903,0.7232257469927129,348.87542700767517
