model,variant,overall_RMSE,delta_rmse,fp_ratio
GCN-DTA,baseline,1.1786565780639648,-0.19024145603179932,0.8236212563190846
GCN-DTA,PD-DTA_β0.1,1.1793169975280762,-0.19093847274780273,0.824008256668034
