v,RMSE,P+,P-,Δ,FP,t
GCN-DTA_baseline,1.1785723234148469,1.018465676446102,1.2118370898545343,-0.19337141340843234,0.817923719316049,1701.1665518283844
PR-DTA_filt_a1.0,1.2394126753243404,1.0981061563194014,1.2691769619075592,-0.1710708055881578,0.8453853265866652,1294.0421845912933
PR-DTA_full_a1.0,1.1733354750165756,0.9547398754181371,1.2173220754717744,-0.2625822000536373,0.7586772000846492,1350.0475134849548
PR-DTA_full_a0.5,1.1763155410781612,0.9528655027246258,1.2211740302642258,-0.2683085275396,0.7566490873318543,1192.7605512142181
PR-DTA_full_a2.0,1.1650574803395397,0.958148071100875,1.2069242362079344,-0.24877616510705947,0.7699552416465312,1710.5024287700653
