v,RMSE,P+,P-,Δ,FP
GCN-DTA_baseline,1.1790886173545538,1.1215319159358905,1.1917143876628726,-0.07018247172698211,0.9384116089742973
PR-DTA_full,1.2373618674972044,1.1054495011126437,1.2652765430137807,-0.15982704190113695,0.847321794973
