v,RMSE,D,FP
GCN_baseline,1.2738574743270874,-0.15632236003875732,0.877234456795838
PUDA_full,1.257725715637207,-0.16377294063568115,0.8649963522287406
PUDA_no_env,1.252073884010315,-0.15910208225250244,0.8699111863856069
PUDA_no_MI,1.2575020790100098,-0.15722155570983887,0.8720351684295654
PUDA_no_CF,1.259185791015625,-0.16691184043884277,0.8629048838598806
