model,overall_RMSE,overall_MAE,overall_R²,overall_Spearman ρ,pains_pos_RMSE,pains_pos_MAE,pains_pos_R²,pains_pos_Spearman ρ,pains_neg_RMSE,pains_neg_MAE,pains_neg_R²,pains_neg_Spearman ρ,delta_rmse,fp_ratio,pos_n,neg_n,train_time_s
RF,1.182784902777929,0.951915452280101,0.27206588642164997,0.5234853495826282,0.951628115371115,0.752309276198371,0.3125425171753481,0.5265390549513342,1.2690256301767304,1.03745918188028,0.20409732158932392,0.4481619080890997,-0.3173975148056154,0.7251458969050085,13774,32140,1189.072066783905
XGBoost,1.0704497089287768,0.8498403429985046,0.4037711024284363,0.6297596623612637,0.8433390782340264,0.6504669189453125,0.46009695529937744,0.629162880217916,1.15418094369112,0.935284435749054,0.3416345715522766,0.5779994559921052,-0.31084186545709347,0.6954749668956209,13774,32140,228.66492176055908
XGBoost+PAINSflag,1.0694392742235677,0.8481966853141785,0.4048961400985718,0.6300756302982178,0.8338027148760955,0.6391856074333191,0.4722381830215454,0.6513868905492581,1.15581112342257,0.9377710223197937,0.3397735357284546,0.5767212647015538,-0.3220084085464746,0.6816009296556597,13774,32140,
